SA2,FT statistic,FT p-value,FT degrees of freedom
Abbotsford,0,1,64
Airport West,0,1,64
Albert Park,0,1,64
Alphington - Fairfield,0,1,64
Altona,0,1,64
Altona Meadows,0,1,64
Altona North,0,1,64
Ardeer - Albion,0,1,64
Armadale,0,1,64
Ascot Vale,0,1,64
Ashburton (Vic.),0,1,64
Ashwood - Chadstone,0,1,64
Aspendale Gardens - Waterways,0,1,64
Bacchus Marsh,0,1,64
Balwyn,0,1,64
Balwyn North,0,1,64
Bayswater,0,1,64
Bayswater North,0,1,64
Beaconsfield - Officer,0,1,64
Beaumaris,0,1,64
Belgrave - Selby,0,1,64
Bentleigh East (North),0,1,64
Bentleigh East (South),0,1,64
Bentleigh - McKinnon,0,1,64
Berwick - North,0,1,64
Berwick - South,0,1,64
Blackburn,0,1,64
Blackburn South,0,1,64
Boronia,0,1,64
Box Hill,0,1,64
Box Hill North,0,1,64
Braeside,0,1,64
Braybrook,0,1,64
Brighton East,0,1,64
Brighton (Vic.),0,1,64
Broadmeadows,0,1,64
Brunswick,0,1,64
Brunswick East,0,1,64
Brunswick West,0,1,64
Bulleen,0,1,64
Bundoora - East,0,1,64
Bundoora - North,0,1,64
Bundoora - West,0,1,64
Bunyip - Garfield,0,1,64
Burnside,0,1,64
Burnside Heights,0,1,64
Burwood,0,1,64
Burwood East,0,1,64
Cairnlea,0,1,64
Camberwell,0,1,64
Campbellfield - Coolaroo,0,1,64
Carlton,0,1,64
Carlton North - Princes Hill,0,1,64
Carnegie,0,1,64
Caroline Springs,0,1,64
Carrum Downs,0,1,64
Carrum - Patterson Lakes,0,1,64
Caulfield - North,0,1,64
Caulfield - South,0,1,64
Chelsea - Bonbeach,0,1,64
Chelsea Heights,0,1,64
Cheltenham - Highett (East),0,1,64
Cheltenham - Highett (West),0,1,64
Chirnside Park,0,1,64
Clarinda - Oakleigh South,0,1,64
Clayton,0,1,64
Clayton South,0,1,64
Coburg,0,1,64
Coburg North,0,1,64
Collingwood,0,1,64
Craigieburn - Central,0,1,64
Craigieburn - North,0,1,64
Craigieburn - South,0,1,64
Craigieburn - West,0,1,64
Cranbourne,0,1,64
Cranbourne East,0,1,64
Cranbourne North,0,1,64
Cranbourne South,0,1,64
Cranbourne West,0,1,64
Croydon - East,0,1,64
Croydon Hills - Warranwood,0,1,64
Croydon South,0,1,64
Croydon - West,0,1,64
Dandenong,0,1,64
Dandenong North,0,1,64
Deer Park - Derrimut,0,1,64
Delahey,0,1,64
Dingley Village,0,1,64
Docklands,0,1,64
Doncaster,0,1,64
Doncaster East (North),0,1,64
Doncaster East (South),0,1,64
Donvale - Park Orchards,0,1,64
Doreen,0,1,64
Doveton,0,1,64
Dromana,0,1,64
East Melbourne,0,1,64
Edithvale - Aspendale,0,1,64
Elsternwick,0,1,64
Eltham,0,1,64
Elwood,0,1,64
Emerald - Cockatoo,0,1,64
Endeavour Hills - North,0,1,64
Endeavour Hills - South,0,1,64
Epping - East,0,1,64
Epping - South,0,1,64
Epping - West,0,1,64
Essendon - Aberfeldie,0,1,64
Fawkner,0,1,64
Ferntree Gully (North),0,1,64
Ferntree Gully (South) - Upper Ferntree Gully,0,1,64
Fitzroy,0,1,64
Fitzroy North,0,1,64
Flemington,0,1,64
Flemington Racecourse,0,1,64
Flinders,0,1,64
Footscray,0,1,64
Forest Hill,0,1,64
Frankston,0,1,64
Frankston North,0,1,64
Frankston South,0,1,64
Gisborne,0,1,64
Gladstone Park - Westmeadows,0,1,64
Glen Iris - East,0,1,64
Glenroy,0,1,64
Glen Waverley - East,0,1,64
Glen Waverley - West,0,1,64
Gowanbrae,0,1,64
Greensborough,0,1,64
Greenvale - Bulla,0,1,64
Hadfield,0,1,64
Hallam,0,1,64
Hampton,0,1,64
Hampton Park - Lynbrook,0,1,64
Hastings - Somers,0,1,64
Hawthorn,0,1,64
Hawthorn East,0,1,64
Healesville - Yarra Glen,0,1,64
Heidelberg - Rosanna,0,1,64
Heidelberg West,0,1,64
Hillside,0,1,64
Hoppers Crossing - North,0,1,64
Hoppers Crossing - South,0,1,64
Hughesdale,0,1,64
Hurstbridge,0,1,64
Ivanhoe,0,1,64
Ivanhoe East - Eaglemont,0,1,64
Keilor,0,1,64
Keilor Downs,0,1,64
Keilor East,0,1,64
Kensington (Vic.),0,1,64
Kew,0,1,64
Kew East,0,1,64
Keysborough,0,1,64
Kilsyth,0,1,64
Kinglake,0,1,64
Kingsbury,0,1,64
Kings Park (Vic.),0,1,64
Knoxfield - Scoresby,0,1,64
Koo Wee Rup,0,1,64
Lalor,0,1,64
Langwarrin,0,1,64
Laverton,0,1,64
Lilydale - Coldstream,0,1,64
Lynbrook - Lyndhurst,0,1,64
Lysterfield,0,1,64
Macedon,0,1,64
Malvern East,0,1,64
Malvern - Glen Iris,0,1,64
Maribyrnong,0,1,64
Meadow Heights,0,1,64
Melbourne,0,1,64
Melbourne Airport,0,1,64
Melton,0,1,64
Melton South,0,1,64
Melton West,0,1,64
Mentone,0,1,64
Mernda,0,1,64
Mickleham - Yuroke,0,1,64
Mill Park - North,0,1,64
Mill Park - South,0,1,64
Mitcham (Vic.),0,1,64
Monbulk - Silvan,0,1,64
Montmorency - Briar Hill,0,1,64
Montrose,0,1,64
Moonee Ponds,0,1,64
Moorabbin - Heatherton,0,1,64
Mooroolbark,0,1,64
Mordialloc - Parkdale,0,1,64
Mornington,0,1,64
Mount Dandenong - Olinda,0,1,64
Mount Eliza,0,1,64
Mount Evelyn,0,1,64
Mount Martha,0,1,64
Mount Waverley - North,0,1,64
Mount Waverley - South,0,1,64
Mulgrave,0,1,64
Murrumbeena,0,1,64
Narre Warren North,0,1,64
Narre Warren - North East,0,1,64
Narre Warren South (East),0,1,64
Narre Warren - South West,0,1,64
Narre Warren South (West),0,1,64
Newport,0,1,64
Niddrie - Essendon West,0,1,64
Noble Park - East,0,1,64
Noble Park North,0,1,64
Noble Park - West,0,1,64
Northcote,0,1,64
North Melbourne,0,1,64
Nunawading,0,1,64
Oakleigh - Huntingdale,0,1,64
Ormond - Glen Huntly,0,1,64
Pakenham - North,0,1,64
Pakenham - South,0,1,64
Panton Hill - St Andrews,0,1,64
Parkville,0,1,64
Pascoe Vale,0,1,64
Pascoe Vale South,0,1,64
Pearcedale - Tooradin,0,1,64
Plenty - Yarrambat,0,1,64
Point Cook - East,0,1,64
Point Cook - North,0,1,64
Point Cook - South,0,1,64
Point Nepean,0,1,64
Port Melbourne,0,1,64
Port Melbourne Industrial,0,1,64
Prahran - Windsor,0,1,64
Preston - East,0,1,64
Preston - West,0,1,64
Research - North Warrandyte,0,1,64
Reservoir - East,0,1,64
Reservoir - West,0,1,64
Richmond (Vic.),0,1,64
Riddells Creek,0,1,64
Ringwood,0,1,64
Ringwood East,0,1,64
Ringwood North,0,1,64
Rockbank - Mount Cottrell,0,1,64
Romsey,0,1,64
Rosebud - McCrae,0,1,64
Rowville - Central,0,1,64
Rowville - North,0,1,64
Rowville - South,0,1,64
Roxburgh Park - Somerton,0,1,64
Sandringham - Black Rock,0,1,64
Seabrook,0,1,64
Seaford (Vic.),0,1,64
Seddon - Kingsville,0,1,64
Skye - Sandhurst,0,1,64
Somerville,0,1,64
Southbank,0,1,64
South Melbourne,0,1,64
South Morang (North),0,1,64
South Morang (South),0,1,64
South Yarra - East,0,1,64
South Yarra - West,0,1,64
Springvale,0,1,64
Springvale South,0,1,64
St Albans - North,0,1,64
St Albans - South,0,1,64
St Kilda,0,1,64
St Kilda East,0,1,64
Strathmore,0,1,64
Sunbury,0,1,64
Sunbury - South,0,1,64
Sunshine,0,1,64
Sunshine North,0,1,64
Sunshine West,0,1,64
Surrey Hills (East) - Mont Albert,0,1,64
Surrey Hills (West) - Canterbury,0,1,64
Sydenham,0,1,64
Tarneit,0,1,64
Taylors Hill,0,1,64
Taylors Lakes,0,1,64
Templestowe,0,1,64
Templestowe Lower,0,1,64
The Basin,0,1,64
Thomastown,0,1,64
Thornbury,0,1,64
Toorak,0,1,64
Truganina,0,1,64
Tullamarine,0,1,64
Upwey - Tecoma,0,1,64
Vermont,0,1,64
Vermont South,0,1,64
Viewbank - Yallambie,0,1,64
Wallan,0,1,64
Wandin - Seville,0,1,64
Wantirna,0,1,64
Wantirna South,0,1,64
Warrandyte - Wonga Park,0,1,64
Watsonia,0,1,64
Wattle Glen - Diamond Creek,0,1,64
Werribee - East,0,1,64
Werribee - South,0,1,64
Werribee - West,0,1,64
West Footscray - Tottenham,0,1,64
Wheelers Hill,0,1,64
Whittlesea,0,1,64
Williamstown,0,1,64
Wollert,0,1,64
Wyndham Vale,0,1,64
Yarra - North,0,1,64
Yarra Valley,0,1,64
Yarraville,0,1,64
