SA2,JSD
Abbotsford,NA
Airport West,NA
Albert Park,NA
Alphington - Fairfield,NA
Altona,NA
Altona Meadows,NA
Altona North,NA
Ardeer - Albion,NA
Armadale,NA
Ascot Vale,NA
Ashburton (Vic.),NA
Ashwood - Chadstone,NA
Aspendale Gardens - Waterways,NA
Bacchus Marsh,NA
Balwyn,NA
Balwyn North,NA
Bayswater,NA
Bayswater North,NA
Beaconsfield - Officer,NA
Beaumaris,NA
Belgrave - Selby,NA
Bentleigh - McKinnon,NA
Bentleigh East,NA
Berwick - North,NA
Berwick - South,NA
Blackburn,NA
Blackburn South,NA
Boronia - The Basin,NA
Box Hill,NA
Box Hill North,NA
Braeside,NA
Braybrook,NA
Brighton (Vic.),NA
Brighton East,NA
Broadmeadows,NA
Brunswick,NA
Brunswick East,NA
Brunswick West,NA
Bulleen,NA
Bundoora - East,NA
Bundoora - North,NA
Bundoora - West,NA
Bunyip - Garfield,NA
Burwood,NA
Burwood East,NA
Cairnlea,NA
Camberwell,NA
Campbellfield - Coolaroo,NA
Carlton,NA
Carlton North - Princes Hill,NA
Carnegie,NA
Caroline Springs,NA
Carrum - Patterson Lakes,NA
Carrum Downs,NA
Caulfield - North,NA
Caulfield - South,NA
Chelsea - Bonbeach,NA
Chelsea Heights,NA
Cheltenham - Highett (East),NA
Cheltenham - Highett (West),NA
Chirnside Park,NA
Clarinda - Oakleigh South,NA
Clayton,NA
Clayton South,NA
Coburg,NA
Coburg North,NA
Collingwood,NA
Craigieburn - Mickleham,NA
Cranbourne,NA
Cranbourne East,NA
Cranbourne North,NA
Cranbourne South,NA
Cranbourne West,NA
Croydon,NA
Croydon Hills - Warranwood,NA
Dandenong,NA
Dandenong North,NA
Deer Park - Derrimut,NA
Delahey,NA
Dingley Village,NA
Docklands,NA
Doncaster,NA
Doncaster East,NA
Donvale - Park Orchards,NA
Doveton,NA
Dromana,NA
East Melbourne,NA
Edithvale - Aspendale,NA
Elsternwick,NA
Eltham,NA
Elwood,NA
Emerald - Cockatoo,NA
Endeavour Hills,NA
Epping,NA
Essendon - Aberfeldie,NA
Fawkner,NA
Ferntree Gully,NA
Fitzroy,NA
Fitzroy North,NA
Flemington,NA
Flemington Racecourse,NA
Flinders,NA
Footscray,NA
Forest Hill,NA
Frankston,NA
Frankston North,NA
Frankston South,NA
Gisborne,NA
Gladstone Park - Westmeadows,NA
Glen Iris - East,NA
Glen Waverley - East,NA
Glen Waverley - West,NA
Glenroy - Hadfield,NA
Greensborough,NA
Greenvale - Bulla,NA
Hallam,NA
Hampton,NA
Hampton Park - Lynbrook,NA
Hastings - Somers,NA
Hawthorn,NA
Hawthorn East,NA
Healesville - Yarra Glen,NA
Heidelberg - Rosanna,NA
Heidelberg West,NA
Hillside,NA
Hoppers Crossing - North,NA
Hoppers Crossing - South,NA
Hughesdale,NA
Hurstbridge,NA
Ivanhoe,NA
Ivanhoe East - Eaglemont,NA
Keilor,NA
Keilor Downs,NA
Keilor East,NA
Kensington,NA
Kew,NA
Kew East,NA
Keysborough,NA
Kilsyth,NA
Kinglake,NA
Kings Park (Vic.),NA
Kingsbury,NA
Knoxfield - Scoresby,NA
Koo Wee Rup,NA
Lalor,NA
Langwarrin,NA
Laverton,NA
Lilydale - Coldstream,NA
Lynbrook - Lyndhurst,NA
Lysterfield,NA
Macedon,NA
Malvern - Glen Iris,NA
Malvern East,NA
Maribyrnong,NA
Meadow Heights,NA
Melbourne,NA
Melbourne Airport,NA
Melton,NA
Melton South,NA
Melton West,NA
Mentone,NA
Mill Park - North,NA
Mill Park - South,NA
Mitcham (Vic.),NA
Monbulk - Silvan,NA
Montmorency - Briar Hill,NA
Montrose,NA
Moonee Ponds,NA
Moorabbin - Heatherton,NA
Mooroolbark,NA
Mordialloc - Parkdale,NA
Mornington,NA
Mount Dandenong - Olinda,NA
Mount Eliza,NA
Mount Evelyn,NA
Mount Martha,NA
Mount Waverley - North,NA
Mount Waverley - South,NA
Mulgrave,NA
Murrumbeena,NA
Narre Warren,NA
Narre Warren North,NA
Narre Warren South,NA
Newport,NA
Niddrie - Essendon West,NA
Noble Park,NA
Noble Park North,NA
North Melbourne,NA
Northcote,NA
Nunawading,NA
Oakleigh - Huntingdale,NA
Ormond - Glen Huntly,NA
Pakenham - North,NA
Pakenham - South,NA
Panton Hill - St Andrews,NA
Parkville,NA
Pascoe Vale,NA
Pascoe Vale South,NA
Pearcedale - Tooradin,NA
Plenty - Yarrambat,NA
Point Cook,NA
Point Nepean,NA
Port Melbourne,NA
Port Melbourne Industrial,NA
Prahran - Windsor,NA
Preston,NA
Research - North Warrandyte,NA
Reservoir - East,NA
Reservoir - West,NA
Richmond (Vic.),NA
Riddells Creek,NA
Ringwood,NA
Ringwood East,NA
Ringwood North,NA
Rockbank - Mount Cottrell,NA
Romsey,NA
Rosebud - McCrae,NA
Rowville - Central,NA
Rowville - North,NA
Rowville - South,NA
Roxburgh Park - Somerton,NA
Sandringham - Black Rock,NA
Seabrook,NA
Seaford (Vic.),NA
Seddon - Kingsville,NA
Skye - Sandhurst,NA
Somerville,NA
South Melbourne,NA
South Morang,NA
South Yarra - East,NA
South Yarra - West,NA
Southbank,NA
Springvale,NA
Springvale South,NA
St Albans - North,NA
St Albans - South,NA
St Kilda,NA
St Kilda East,NA
Strathmore,NA
Sunbury,NA
Sunbury - South,NA
Sunshine,NA
Sunshine North,NA
Sunshine West,NA
Surrey Hills (East) - Mont Albert,NA
Surrey Hills (West) - Canterbury,NA
Sydenham,NA
Tarneit,NA
Taylors Hill,NA
Taylors Lakes,NA
Templestowe,NA
Templestowe Lower,NA
Thomastown,NA
Thornbury,NA
Toorak,NA
Truganina,NA
Tullamarine,NA
Upwey - Tecoma,NA
Vermont,NA
Vermont South,NA
Viewbank - Yallambie,NA
Wallan,NA
Wandin - Seville,NA
Wantirna,NA
Wantirna South,NA
Warrandyte - Wonga Park,NA
Watsonia,NA
Wattle Glen - Diamond Creek,NA
Werribee,NA
Werribee - South,NA
West Footscray - Tottenham,NA
Wheelers Hill,NA
Whittlesea,NA
Williamstown,NA
Wyndham Vale,NA
Yarra - North,NA
Yarra Valley,NA
Yarraville,NA
